owner,table_name,column_name,business_name,description,example_value,is_sensitive,notes,_source
CENTRALSERVICES,ADDRESS,ADDRESSID,Address Identifier,Unique identifier assigned to each address record.,123456,N,,current
CENTRALSERVICES,ADDRESS,ADDRESSID,Address Identifier,Unique identifier assigned to each address record.,123456,N,,proposed
CENTRALSERVICES,ADDRESS,ADDRESSLINE1,Address Line 1,Primary street address line.,123 Main St,N,,current
CENTRALSERVICES,ADDRESS,ADDRESSLINE1,Address Line 1,Primary street address line.,123 Main St,N,,proposed
CENTRALSERVICES,ADDRESS,ADDRESSLINE2,Address Line 2,Secondary street address line,,,,proposed
CENTRALSERVICES,ADDRESS,ADDRESSLINE3,Address Line 3,Tertiary street address line,,,,proposed
CENTRALSERVICES,ADDRESS,CITY,City,City name associated with the address.,Colorado Springs,N,,current
CENTRALSERVICES,ADDRESS,CITY,City,City name associated with the address.,Colorado Springs,N,,proposed
CENTRALSERVICES,ADDRESS,STATE,State,State name associated with the address,CO,,,proposed
CENTRALSERVICES,ADDRESS,ZIP,Zip Code,,,,,proposed
CENTRALSERVICES,BILLINGCYCLES,BILLINGCYCLEID,Unique identifier assigned to each billing cycle record,,,,,proposed
CENTRALSERVICES,BILLINGCYCLES,NAME,,,,,,proposed
CENTRALSERVICES,BILLINGCYCLES,NOTES,,,,,,proposed
CENTRALSERVICES,BILLINGCYCLES,ORGANIZATIONID,,,,,,proposed
CENTRALSERVICES,BILLINGCYCLES,TENANTID,,,,,,proposed
CENTRALSERVICES,COLLECTORS,ADAPTERSETTINGS,,,,,,proposed
CENTRALSERVICES,COLLECTORS,ARCHIVE,,,,,,proposed
CENTRALSERVICES,COLLECTORS,AUTDCOMMANDSPENDING,,,,,,proposed
CENTRALSERVICES,COLLECTORS,AUTDTIMEOUTSECONDS,,,,,,proposed
CENTRALSERVICES,COLLECTORS,BTTRYTSTCPBL,,,,,,proposed
CENTRALSERVICES,COLLECTORS,CLTRAPPEDPTID,,,,,,proposed
CENTRALSERVICES,COLLECTORS,CLTRSUBTYPID,,,,,,proposed
CENTRALSERVICES,COLLECTORS,COLLECTORCOMMANDMODELTYPEID,,,,,,proposed
CENTRALSERVICES,COLLECTORS,COLLECTORID,,,,,,proposed
CENTRALSERVICES,COLLECTORS,COLLECTORTYPEID,,,,,,proposed
CENTRALSERVICES,COLLECTORS,COMMODULEENABLED,,,,,,proposed
CENTRALSERVICES,COLLECTORS,COMMUNICATIONTYPEID,,,,,,proposed
CENTRALSERVICES,COLLECTORS,CONFIRMEDNAME,,,,,,proposed
CENTRALSERVICES,COLLECTORS,CRBRANCHCODE,,,,,,proposed
CENTRALSERVICES,COLLECTORS,DATEOFMNFCTRRDT,,,,,,proposed
CENTRALSERVICES,COLLECTORS,DIRECTIONS,,,,,,proposed
CENTRALSERVICES,COLLECTORS,GPSLOCATIONID,,,,,,proposed
CENTRALSERVICES,COLLECTORS,IPADDRESS,,,,,,proposed
CENTRALSERVICES,COLLECTORS,ISGAP,,,,,,proposed
CENTRALSERVICES,COLLECTORS,LASTCFGCHANGEUTCDTM,,,,,,proposed
CENTRALSERVICES,COLLECTORS,NAME,,,,,,proposed
CENTRALSERVICES,COLLECTORS,NOTES,,,,,,proposed
CENTRALSERVICES,COLLECTORS,ONBATTERYBACKUP,,,,,,proposed
CENTRALSERVICES,COLLECTORS,ONBATTERYBACKUPTIMESTAMP,,,,,,proposed
CENTRALSERVICES,COLLECTORS,ORGANIZATIONID,,,,,,proposed
CENTRALSERVICES,COLLECTORS,PLANNUMBER,,,,,,proposed
CENTRALSERVICES,COLLECTORS,PORT,,,,,,proposed
CENTRALSERVICES,COLLECTORS,SECIDNTY,,,,,,proposed
CENTRALSERVICES,COLLECTORS,SGMNTGROUPID,,,,,,proposed
CENTRALSERVICES,COLLECTORS,STATUSCODEID,,,,,,proposed
CENTRALSERVICES,COLLECTORS,TENANTID,,,,,,proposed
CENTRALSERVICES,COLLECTORS,THRDPTYSYSIDNTY,,,,,,proposed
CENTRALSERVICES,COLLECTORS,TIMEZONECODE,,,,,,proposed
CENTRALSERVICES,COLLECTORS,WANPHONENUMBER,,,,,,proposed
CENTRALSERVICES,COLLECTORS,WISUNENABLED,,,,,,proposed
CENTRALSERVICES,COLLECTORS,ZIPCODE,,,,,,proposed
CENTRALSERVICES,COLLECTORSTATS,AVGCOST,,,,,,proposed
CENTRALSERVICES,COLLECTORSTATS,AVGLAYER,,,,,,proposed
CENTRALSERVICES,COLLECTORSTATS,AVGRESPONSETIMESEC,,,,,,proposed
CENTRALSERVICES,COLLECTORSTATS,BYTESRECVFROMCOLLECTOR,,,,,,proposed
CENTRALSERVICES,COLLECTORSTATS,BYTESSENTTOCOLLECTOR,,,,,,proposed
CENTRALSERVICES,COLLECTORSTATS,COLLECTORID,,,,,,proposed
CENTRALSERVICES,COLLECTORSTATS,COLLECTORSTATSID,,,,,,proposed
CENTRALSERVICES,COLLECTORSTATS,COMMFAILURES,,,,,,proposed
CENTRALSERVICES,COLLECTORSTATS,DATASCORE,,,,,,proposed
CENTRALSERVICES,COLLECTORSTATS,EXPECTEDIDREADINGS,,,,,,proposed
CENTRALSERVICES,COLLECTORSTATS,EXPECTEDREADINGS,,,,,,proposed
CENTRALSERVICES,COLLECTORSTATS,GAPREADINGS,,,,,,proposed
CENTRALSERVICES,COLLECTORSTATS,LASTUPDATEDATE,,,,,,proposed
CENTRALSERVICES,COLLECTORSTATS,MAXLAYER,,,,,,proposed
CENTRALSERVICES,COLLECTORSTATS,METERSWITHLPREADINGGAPS,,,,,,proposed
CENTRALSERVICES,COLLECTORSTATS,NETWORKSCORE,,,,,,proposed
CENTRALSERVICES,COLLECTORSTATS,OUTAGESREPORTED,,,,,,proposed
CENTRALSERVICES,COLLECTORSTATS,PUBLISHEDREADINGS,,,,,,proposed
CENTRALSERVICES,COLLECTORSTATS,RECEIVEDIDREADINGS,,,,,,proposed
CENTRALSERVICES,COLLECTORSTATS,STATISTICDATE,,,,,,proposed
CENTRALSERVICES,COLLECTORSTATS,TENANTID,,,,,,proposed
CENTRALSERVICES,COLLECTORSTATS,TOTAL3DAYGOODPACKETS,,,,,,proposed
CENTRALSERVICES,COLLECTORSTATS,TOTALDEVICES,,,,,,proposed
CENTRALSERVICES,COLLECTORSTATS,TOTALEVENTS,,,,,,proposed
CENTRALSERVICES,COLLECTORSTATS,TOTALGOODPACKETS,,,,,,proposed
CENTRALSERVICES,COLLECTORSTATS,TOTALLPREADINGGAPS,,,,,,proposed
CENTRALSERVICES,COLLECTORSTATS,TOTALMESSAGES,,,,,,proposed
CENTRALSERVICES,COMMANDLOG,ADDRESSTYPE,,,,,,proposed
CENTRALSERVICES,COMMANDLOG,CMDBROADCASTPARAMETERID,,,,,,proposed
CENTRALSERVICES,COMMANDLOG,CMDISSUERID,,,,,,proposed
CENTRALSERVICES,COMMANDLOG,COMMAND,,,,,,proposed
CENTRALSERVICES,COMMANDLOG,COMMANDCODE,,,,,,proposed
CENTRALSERVICES,COMMANDLOG,COMMANDID,,,,,,proposed
CENTRALSERVICES,COMMANDLOG,COMMANDLOGCOLLECTIONID,,,,,,proposed
CENTRALSERVICES,COMMANDLOG,COMMANDLOGID,,,,,,proposed
CENTRALSERVICES,COMMANDLOG,COMMANDTYPEID,,,,,,proposed
CENTRALSERVICES,COMMANDLOG,DOWNSTREAMSENDCOUNT,,,,,,proposed
CENTRALSERVICES,COMMANDLOG,ENDPOINTID,,,,,,proposed
CENTRALSERVICES,COMMANDLOG,EXPECTEDEPCOUNT,,,,,,proposed
CENTRALSERVICES,COMMANDLOG,GROUPID,,,,,,proposed
CENTRALSERVICES,COMMANDLOG,INTGMSGID,,,,,,proposed
CENTRALSERVICES,COMMANDLOG,ISCANCEL,,,,,,proposed
CENTRALSERVICES,COMMANDLOG,ISSUED,,,,,,proposed
CENTRALSERVICES,COMMANDLOG,ISSUEDBY,,,,,,proposed
CENTRALSERVICES,COMMANDLOG,MAXLANCMDHOPSNCD,,,,,,proposed
CENTRALSERVICES,COMMANDLOG,NETWORKENCRYPTIONKEYID,,,,,,proposed
CENTRALSERVICES,COMMANDLOG,OISSUED,,,,,,proposed
CENTRALSERVICES,COMMANDLOG,ORGANIZATIONID,,,,,,proposed
CENTRALSERVICES,COMMANDLOG,PACKETDEFINITIONID,,,,,,proposed
CENTRALSERVICES,COMMANDLOG,PARENTCMDLOGCLCTNID,,,,,,proposed
CENTRALSERVICES,COMMANDLOG,PARENTISSUEDDTM,,,,,,proposed
CENTRALSERVICES,COMMANDLOG,PRIORITY,,,,,,proposed
CENTRALSERVICES,COMMANDLOG,REQUESTID,,,,,,proposed
CENTRALSERVICES,COMMANDLOG,RFUCMDTTLNCD,,,,,,proposed
CENTRALSERVICES,COMMANDLOG,SPUID,,,,,,proposed
CENTRALSERVICES,COMMANDLOG,USERCOMMANDTYPEID,,,,,,proposed
CENTRALSERVICES,COMMANDRESPONSE,COLLECTORID,,,,,,proposed
CENTRALSERVICES,COMMANDRESPONSE,COMMANDLOGID,,,,,,proposed
CENTRALSERVICES,COMMANDRESPONSE,COMMANDRESPONSEID,,,,,,proposed
CENTRALSERVICES,COMMANDRESPONSE,ENDPOINTID,,,,,,proposed
CENTRALSERVICES,COMMANDRESPONSE,LOGDTTM,,,,,,proposed
CENTRALSERVICES,COMMANDRESPONSE,READINGDATE,,,,,,proposed
CENTRALSERVICES,COMMANDRESPONSE,RESPONSE,,,,,,proposed
CENTRALSERVICES,COMMANDRESPONSE,RESPONSEDATETIME,,,,,,proposed
CENTRALSERVICES,COMMANDRESPONSE,STATUSCODEID,,,,,,proposed
CENTRALSERVICES,COMMANDSSENT,CMDPARAMS,,,,,,proposed
CENTRALSERVICES,COMMANDSSENT,COMMANDID,,,,,,proposed
CENTRALSERVICES,COMMANDSSENT,COMMANDLOGID,,,,,,proposed
CENTRALSERVICES,COMMANDSSENT,COMMANDSENTID,,,,,,proposed
CENTRALSERVICES,COMMANDSSENT,COMMANDSTATUSCODEID,,,,,,proposed
CENTRALSERVICES,COMMANDSSENT,COMPLETED,,,,,,proposed
CENTRALSERVICES,COMMANDSSENT,DOWNSTREAMSENDCOUNT,,,,,,proposed
CENTRALSERVICES,COMMANDSSENT,ENDPOINTID,,,,,,proposed
CENTRALSERVICES,COMMANDSSENT,INFRASTRUCTUREROUTINGFLG,,,,,,proposed
CENTRALSERVICES,COMMANDSSENT,LOGDTTM,,,,,,proposed
CENTRALSERVICES,COMMANDSSENT,METERNO,,,,,,proposed
CENTRALSERVICES,COMMANDSSENT,OCOMPLETED,,,,,,proposed
CENTRALSERVICES,COMMANDSSENT,PACKETCONTENTS,,,,,,proposed
CENTRALSERVICES,COMMANDSSENT,RTRYCNT,,,,,,proposed
CENTRALSERVICES,COMMANDSSENT,SENT,,,,,,proposed
CENTRALSERVICES,COMMANDSSENT,SENTCOUNT,,,,,,proposed
CENTRALSERVICES,COMMANDSSENT,SPUID,,,,,,proposed
CENTRALSERVICES,COMMANDSTATUSCODES,COMMANDSTATUSCODEID,,,,,,proposed
CENTRALSERVICES,COMMANDSTATUSCODES,DESCRIPTION,,,,,,proposed
CENTRALSERVICES,COMMANDSTATUSCODES,DISPLAYNAME,,,,,,proposed
CENTRALSERVICES,COMMANDSTATUSCODES,NAME,,,,,,proposed
CENTRALSERVICES,COMMANDTYPES,ADMIN,,,,,,proposed
CENTRALSERVICES,COMMANDTYPES,COMMANDTYPEID,,,,,,proposed
CENTRALSERVICES,COMMANDTYPES,DEST,,,,,,proposed
CENTRALSERVICES,COMMANDTYPES,ENDPOINT,,,,,,proposed
CENTRALSERVICES,COMMANDTYPES,EXTRNLINTGRTNFLG,,,,,,proposed
CENTRALSERVICES,COMMANDTYPES,GRP,,,,,,proposed
CENTRALSERVICES,COMMANDTYPES,ISBCKGRNDCMD,,,,,,proposed
CENTRALSERVICES,COMMANDTYPES,ISSCHEDULEDCMD,,,,,,proposed
CENTRALSERVICES,COMMANDTYPES,NAME,,,,,,proposed
CENTRALSERVICES,COMMANDTYPES,NOTES,,,,,,proposed
CENTRALSERVICES,COMMANDTYPES,PARAMETERS,,,,,,proposed
CENTRALSERVICES,COMMANDTYPES,PRIORITY,,,,,,proposed
CENTRALSERVICES,COMMANDTYPES,RPARAMETERS,,,,,,proposed
CENTRALSERVICES,COMMANDTYPES,SCRTYFUNCTNID,,,,,,proposed
CENTRALSERVICES,COMMANDTYPES,SOURCE,,,,,,proposed
CENTRALSERVICES,DATABASE_MAINT_ARCHIVE,ADDRESS,,,,,,proposed
CENTRALSERVICES,DATABASE_MAINT_ARCHIVE,ADDRESS_OVER,,,,,,proposed
CENTRALSERVICES,DATABASE_MAINT_ARCHIVE,AEP_TEST_CODE,,,,,,proposed
CENTRALSERVICES,DATABASE_MAINT_ARCHIVE,APPT_TIME,,,,,,proposed
CENTRALSERVICES,DATABASE_MAINT_ARCHIVE,BATCH_ID,,,,,,proposed
CENTRALSERVICES,DATABASE_MAINT_ARCHIVE,BILLING_CYCLE,,,,,,proposed
CENTRALSERVICES,DATABASE_MAINT_ARCHIVE,CAPACITY_CODE,,,,,,proposed
CENTRALSERVICES,DATABASE_MAINT_ARCHIVE,CASING_CODE,,,,,,proposed
CENTRALSERVICES,DATABASE_MAINT_ARCHIVE,CELLNET_METER,,,,,,proposed
CENTRALSERVICES,DATABASE_MAINT_ARCHIVE,CITY_ST_ZIP,,,,,,proposed
CENTRALSERVICES,DATABASE_MAINT_ARCHIVE,CN_LOCATION,,,,,,proposed
CENTRALSERVICES,DATABASE_MAINT_ARCHIVE,CN_RATE,,,,,,proposed
CENTRALSERVICES,DATABASE_MAINT_ARCHIVE,COLLAR_DEVICE_TYPE,,,,,,proposed
CENTRALSERVICES,DATABASE_MAINT_ARCHIVE,COLLAR_MFG_CODE,,,,,,proposed
CENTRALSERVICES,DATABASE_MAINT_ARCHIVE,COLLAR_SERIAL_NUMBER,,,,,,proposed
CENTRALSERVICES,DATABASE_MAINT_ARCHIVE,COLLAR_STATUS,,,,,,proposed
CENTRALSERVICES,DATABASE_MAINT_ARCHIVE,COLLAR_WANLAN_ADDRESS,,,,,,proposed
CENTRALSERVICES,DATABASE_MAINT_ARCHIVE,COLOR,,,,,,proposed
CENTRALSERVICES,DATABASE_MAINT_ARCHIVE,CORRECTION_FACTOR,,,,,,proposed
CENTRALSERVICES,DATABASE_MAINT_ARCHIVE,CUM_THRESHOLD,,,,,,proposed
CENTRALSERVICES,DATABASE_MAINT_ARCHIVE,CUSTOMER_NAME_1,,,,,,proposed
CENTRALSERVICES,DATABASE_MAINT_ARCHIVE,CUSTOMER_NAME_2,,,,,,proposed
CENTRALSERVICES,DATABASE_MAINT_ARCHIVE,CUST_TEL,,,,,,proposed
CENTRALSERVICES,DATABASE_MAINT_ARCHIVE,DELIVERY_PRESSURE,,,,,,proposed
CENTRALSERVICES,DATABASE_MAINT_ARCHIVE,DELIVERY_PRESSURE_UNITS,,,,,,proposed
CENTRALSERVICES,DATABASE_MAINT_ARCHIVE,DEMAND_INTERVAL,,,,,,proposed
CENTRALSERVICES,DATABASE_MAINT_ARCHIVE,DEMAND_RESET,,,,,,proposed
CENTRALSERVICES,DATABASE_MAINT_ARCHIVE,DEMAND_SUB_INTERVAL,,,,,,proposed
CENTRALSERVICES,DATABASE_MAINT_ARCHIVE,DEM_THRESHOLD,,,,,,proposed
CENTRALSERVICES,DATABASE_MAINT_ARCHIVE,DEVICE_ID,,,,,,proposed
CENTRALSERVICES,DATABASE_MAINT_ARCHIVE,DISCONNECT_SWITCH_STATUS,,,,,,proposed
CENTRALSERVICES,DATABASE_MAINT_ARCHIVE,ELECTRICAL_ID,,,,,,proposed
CENTRALSERVICES,DATABASE_MAINT_ARCHIVE,ENABLE_ROUTING,,,,,,proposed
CENTRALSERVICES,DATABASE_MAINT_ARCHIVE,ENCODER_ID,,,,,,proposed
CENTRALSERVICES,DATABASE_MAINT_ARCHIVE,ENCRYPTION_FILENAME,,,,,,proposed
CENTRALSERVICES,DATABASE_MAINT_ARCHIVE,ERROR_FLAG,,,,,,proposed
CENTRALSERVICES,DATABASE_MAINT_ARCHIVE,FIELD_COLLECT_1,,,,,,proposed
CENTRALSERVICES,DATABASE_MAINT_ARCHIVE,FIELD_COLLECT_2,,,,,,proposed
CENTRALSERVICES,DATABASE_MAINT_ARCHIVE,FIELD_COLLECT_3,,,,,,proposed
CENTRALSERVICES,DATABASE_MAINT_ARCHIVE,FIELD_COLLECT_4,,,,,,proposed
CENTRALSERVICES,DATABASE_MAINT_ARCHIVE,GPS_LAT,,,,,,proposed
CENTRALSERVICES,DATABASE_MAINT_ARCHIVE,GPS_LONG,,,,,,proposed
CENTRALSERVICES,DATABASE_MAINT_ARCHIVE,HILOW_MAX_PERCENT,,,,,,proposed
CENTRALSERVICES,DATABASE_MAINT_ARCHIVE,HILOW_MIN_PERCENT,,,,,,proposed
CENTRALSERVICES,DATABASE_MAINT_ARCHIVE,INSERT_TIME,,,,,,proposed
CENTRALSERVICES,DATABASE_MAINT_ARCHIVE,INSTALL_TIME,,,,,,proposed
CENTRALSERVICES,DATABASE_MAINT_ARCHIVE,INSTALL_UTILINET_METER,,,,,,proposed
CENTRALSERVICES,DATABASE_MAINT_ARCHIVE,KEY_NEEDED,,,,,,proposed
CENTRALSERVICES,DATABASE_MAINT_ARCHIVE,LIFE_SUPPORT,,,,,,proposed
CENTRALSERVICES,DATABASE_MAINT_ARCHIVE,LOAD_PROFILE,,,,,,proposed
CENTRALSERVICES,DATABASE_MAINT_ARCHIVE,LOGICAL_DISC,,,,,,proposed
CENTRALSERVICES,DATABASE_MAINT_ARCHIVE,LP_FREQUENCY,,,,,,proposed
CENTRALSERVICES,DATABASE_MAINT_ARCHIVE,LP_INTERVAL,,,,,,proposed
CENTRALSERVICES,DATABASE_MAINT_ARCHIVE,METERING_TECHNIQUE_CODE,,,,,,proposed
CENTRALSERVICES,DATABASE_MAINT_ARCHIVE,METER_BASE,,,,,,proposed
CENTRALSERVICES,DATABASE_MAINT_ARCHIVE,METER_CLASS,,,,,,proposed
CENTRALSERVICES,DATABASE_MAINT_ARCHIVE,METER_CODE,,,,,,proposed
CENTRALSERVICES,DATABASE_MAINT_ARCHIVE,METER_DELTA_WYE,,,,,,proposed
CENTRALSERVICES,DATABASE_MAINT_ARCHIVE,METER_DIALS,,,,,,proposed
CENTRALSERVICES,DATABASE_MAINT_ARCHIVE,METER_ELECTRONIC,,,,,,proposed
CENTRALSERVICES,DATABASE_MAINT_ARCHIVE,METER_FORM,,,,,,proposed
CENTRALSERVICES,DATABASE_MAINT_ARCHIVE,METER_ID,,,,,,proposed
CENTRALSERVICES,DATABASE_MAINT_ARCHIVE,METER_KYZ,,,,,,proposed
CENTRALSERVICES,DATABASE_MAINT_ARCHIVE,METER_MFG,,,,,,proposed
CENTRALSERVICES,DATABASE_MAINT_ARCHIVE,METER_MODEL,,,,,,proposed
CENTRALSERVICES,DATABASE_MAINT_ARCHIVE,METER_PHASE,,,,,,proposed
CENTRALSERVICES,DATABASE_MAINT_ARCHIVE,METER_PRESSURE,,,,,,proposed
CENTRALSERVICES,DATABASE_MAINT_ARCHIVE,METER_PRESSURE_UNITS,,,,,,proposed
CENTRALSERVICES,DATABASE_MAINT_ARCHIVE,METER_PULSES_ROT,,,,,,proposed
CENTRALSERVICES,DATABASE_MAINT_ARCHIVE,METER_RR,,,,,,proposed
CENTRALSERVICES,DATABASE_MAINT_ARCHIVE,METER_SIZE,,,,,,proposed
CENTRALSERVICES,DATABASE_MAINT_ARCHIVE,METER_TEST_AMPS,,,,,,proposed
CENTRALSERVICES,DATABASE_MAINT_ARCHIVE,METER_TYPE,,,,,,proposed
CENTRALSERVICES,DATABASE_MAINT_ARCHIVE,METER_WIRES,,,,,,proposed
CENTRALSERVICES,DATABASE_MAINT_ARCHIVE,MULTIPLIER,,,,,,proposed
CENTRALSERVICES,DATABASE_MAINT_ARCHIVE,NEW_UTILITY_ID,,,,,,proposed
CENTRALSERVICES,DATABASE_MAINT_ARCHIVE,PAC_METER_FLAG,,,,,,proposed
CENTRALSERVICES,DATABASE_MAINT_ARCHIVE,PASSWORD_FILENAME,,,,,,proposed
CENTRALSERVICES,DATABASE_MAINT_ARCHIVE,POWER_OVER_UNDER,,,,,,proposed
CENTRALSERVICES,DATABASE_MAINT_ARCHIVE,POWER_STATUS,,,,,,proposed
CENTRALSERVICES,DATABASE_MAINT_ARCHIVE,PREMISE_CODE,,,,,,proposed
CENTRALSERVICES,DATABASE_MAINT_ARCHIVE,PRESSURE_COMPENSATED_INDEX,,,,,,proposed
CENTRALSERVICES,DATABASE_MAINT_ARCHIVE,PRIMARY_UOM,,,,,,proposed
CENTRALSERVICES,DATABASE_MAINT_ARCHIVE,PROCESS_PENDING,,,,,,proposed
CENTRALSERVICES,DATABASE_MAINT_ARCHIVE,PURCHASE_YEAR,,,,,,proposed
CENTRALSERVICES,DATABASE_MAINT_ARCHIVE,READ_INSTR,,,,,,proposed
CENTRALSERVICES,DATABASE_MAINT_ARCHIVE,READ_SEQUENCE,,,,,,proposed
CENTRALSERVICES,DATABASE_MAINT_ARCHIVE,ROUTE_ID,,,,,,proposed
CENTRALSERVICES,DATABASE_MAINT_ARCHIVE,SERVICE_TYPE,,,,,,proposed
CENTRALSERVICES,DATABASE_MAINT_ARCHIVE,SERVICE_VOLTAGE,,,,,,proposed
CENTRALSERVICES,DATABASE_MAINT_ARCHIVE,SPECIAL_INSTR_1,,,,,,proposed
CENTRALSERVICES,DATABASE_MAINT_ARCHIVE,SPECIAL_INSTR_2,,,,,,proposed
CENTRALSERVICES,DATABASE_MAINT_ARCHIVE,SPECIAL_INSTR_3,,,,,,proposed
CENTRALSERVICES,DATABASE_MAINT_ARCHIVE,SPECIAL_INSTR_4,,,,,,proposed
CENTRALSERVICES,DATABASE_MAINT_ARCHIVE,TEMP_COMP_INDEX,,,,,,proposed
CENTRALSERVICES,DATABASE_MAINT_ARCHIVE,TIME_ZONE,,,,,,proposed
CENTRALSERVICES,DATABASE_MAINT_ARCHIVE,TOU_RATE,,,,,,proposed
CENTRALSERVICES,DATABASE_MAINT_ARCHIVE,TRANSACTION_ID,,,,,,proposed
CENTRALSERVICES,DATABASE_MAINT_ARCHIVE,TRANSACTION_TYPE,,,,,,proposed
CENTRALSERVICES,DATABASE_MAINT_ARCHIVE,USAGE_STATUS,,,,,,proposed
CENTRALSERVICES,DATABASE_MAINT_ARCHIVE,UTILITY,,,,,,proposed
CENTRALSERVICES,DATABASE_MAINT_ARCHIVE,UTILITY_ID,,,,,,proposed
CENTRALSERVICES,DATABASE_MAINT_ARCHIVE,UTIL_EXTRA_1,,,,,,proposed
CENTRALSERVICES,DATABASE_MAINT_ARCHIVE,UTIL_EXTRA_10,,,,,,proposed
CENTRALSERVICES,DATABASE_MAINT_ARCHIVE,UTIL_EXTRA_2,,,,,,proposed
CENTRALSERVICES,DATABASE_MAINT_ARCHIVE,UTIL_EXTRA_3,,,,,,proposed
CENTRALSERVICES,DATABASE_MAINT_ARCHIVE,UTIL_EXTRA_4,,,,,,proposed
CENTRALSERVICES,DATABASE_MAINT_ARCHIVE,UTIL_EXTRA_5,,,,,,proposed
CENTRALSERVICES,DATABASE_MAINT_ARCHIVE,UTIL_EXTRA_6,,,,,,proposed
CENTRALSERVICES,DATABASE_MAINT_ARCHIVE,UTIL_EXTRA_7,,,,,,proposed
CENTRALSERVICES,DATABASE_MAINT_ARCHIVE,UTIL_EXTRA_8,,,,,,proposed
CENTRALSERVICES,DATABASE_MAINT_ARCHIVE,UTIL_EXTRA_9,,,,,,proposed
CENTRALSERVICES,DATABASE_MAINT_ARCHIVE,UTIL_LOCATION,,,,,,proposed
CENTRALSERVICES,DATABASE_MAINT_ARCHIVE,UTIL_SCALING_CONST,,,,,,proposed
CENTRALSERVICES,DATABASE_MAINT_ARCHIVE,VIRTUAL_METER_ID,,,,,,proposed
CENTRALSERVICES,DATABASE_MAINT_ARCHIVE,WANLAN_ADDRESS,,,,,,proposed
CENTRALSERVICES,DATABASE_MAINT_ARCHIVE,ZIP,,,,,,proposed
CENTRALSERVICES,DATADEFINITIONS,AGGREGATIONTYPEID,,,,,,proposed
CENTRALSERVICES,DATADEFINITIONS,BITS,,,,,,proposed
CENTRALSERVICES,DATADEFINITIONS,COINCDMDASSOCSOURCEID,,,,,,proposed
CENTRALSERVICES,DATADEFINITIONS,DATADEFINITIONID,,,,,,proposed
CENTRALSERVICES,DATADEFINITIONS,DATASIZEGROUPID,,,,,,proposed
CENTRALSERVICES,DATADEFINITIONS,DATETIMEID,,,,,,proposed
CENTRALSERVICES,DATADEFINITIONS,DBCOLUMN,,,,,,proposed
CENTRALSERVICES,DATADEFINITIONS,DXDATADEFINITIONID,,,,,,proposed
CENTRALSERVICES,DATADEFINITIONS,ENDPOINTDATATYPEID,,,,,,proposed
CENTRALSERVICES,DATADEFINITIONS,HISTORYORDER,,,,,,proposed
CENTRALSERVICES,DATADEFINITIONS,ISCUMULATIVE,,,,,,proposed
CENTRALSERVICES,DATADEFINITIONS,ISDIAGNOSTIC,,,,,,proposed
CENTRALSERVICES,DATADEFINITIONS,ISPREVIOUS,,,,,,proposed
CENTRALSERVICES,DATADEFINITIONS,ISPUBLIC,,,,,,proposed
CENTRALSERVICES,DATADEFINITIONS,ISRFMESHREGISTER,,,,,,proposed
CENTRALSERVICES,DATADEFINITIONS,ISROLLOVERSUPPORTED,,,,,,proposed
CENTRALSERVICES,DATADEFINITIONS,MAXBITSCORRECTED,,,,,,proposed
CENTRALSERVICES,DATADEFINITIONS,MAXVALUE,,,,,,proposed
CENTRALSERVICES,DATADEFINITIONS,METRICCATEGORYID,,,,,,proposed
CENTRALSERVICES,DATADEFINITIONS,METRICDEMANDTYPEID,,,,,,proposed
CENTRALSERVICES,DATADEFINITIONS,METRICSOURCEID,,,,,,proposed
CENTRALSERVICES,DATADEFINITIONS,MINVALUE,,,,,,proposed
CENTRALSERVICES,DATADEFINITIONS,MULTIUTILITY,,,,,,proposed
CENTRALSERVICES,DATADEFINITIONS,NAME,,,,,,proposed
CENTRALSERVICES,DATADEFINITIONS,NOTES,,,,,,proposed
CENTRALSERVICES,DATADEFINITIONS,NUMBEROFOCCURRENCE,,,,,,proposed
CENTRALSERVICES,DATADEFINITIONS,PROCESSINGRULE,,,,,,proposed
CENTRALSERVICES,DATADEFINITIONS,RATE,,,,,,proposed
CENTRALSERVICES,DATADEFINITIONS,READINGSTABLEID,,,,,,proposed
CENTRALSERVICES,DATADEFINITIONS,RESXKEYNM,,,,,,proposed
CENTRALSERVICES,DATADEFINITIONS,SCALEFACTOR,,,,,,proposed
CENTRALSERVICES,DATADEFINITIONS,SHORTNAME,,,,,,proposed
CENTRALSERVICES,DATADEFINITIONS,SUPPORTEDEPMODELS,,,,,,proposed
CENTRALSERVICES,DATADEFINITIONS,TOU,,,,,,proposed
CENTRALSERVICES,DATADEFINITIONS,UNITID,,,,,,proposed
CENTRALSERVICES,ENDPOINTDEPLOYMENTSTATISTICS,ENDPOINTID,,,,,,proposed
CENTRALSERVICES,ENDPOINTDEPLOYMENTSTATISTICS,ENDPOINTREMOVALDATE,,,,,,proposed
CENTRALSERVICES,ENDPOINTDEPLOYMENTSTATISTICS,INITIALDISCOVEREDDATE,,,,,,proposed
CENTRALSERVICES,ENDPOINTDEPLOYMENTSTATISTICS,INITIALINITPUSHDATE,,,,,,proposed
CENTRALSERVICES,ENDPOINTDEPLOYMENTSTATISTICS,INITIALINSTALLDATE,,,,,,proposed
CENTRALSERVICES,ENDPOINTDEPLOYMENTSTATISTICS,INITIALNORMALDATE,,,,,,proposed
CENTRALSERVICES,ENDPOINTDEPLOYMENTSTATISTICS,INITIALRFREGDATE,,,,,,proposed
CENTRALSERVICES,ENDPOINTDEPLOYMENTSTATISTICS,INITIALSETWANRESPONSEDATE,,,,,,proposed
CENTRALSERVICES,ENDPOINTDEPLOYMENTSTATISTICS,LASTDISCOVEREDDATE,,,,,,proposed
CENTRALSERVICES,ENDPOINTDEPLOYMENTSTATISTICS,LASTINITPUSHDATE,,,,,,proposed
CENTRALSERVICES,ENDPOINTDEPLOYMENTSTATISTICS,LASTINSTALLDATE,,,,,,proposed
CENTRALSERVICES,ENDPOINTDEPLOYMENTSTATISTICS,LASTNORMALDATE,,,,,,proposed
CENTRALSERVICES,ENDPOINTDEPLOYMENTSTATISTICS,LASTRFREGDATE,,,,,,proposed
CENTRALSERVICES,ENDPOINTDEPLOYMENTSTATISTICS,LASTSETWANRESPONSEDATE,,,,,,proposed
CENTRALSERVICES,ENDPOINTGROUPASSOC,CREATION,,,,,,proposed
CENTRALSERVICES,ENDPOINTGROUPASSOC,ENDPOINTID,,,,,,proposed
CENTRALSERVICES,ENDPOINTGROUPASSOC,GROUPID,,,,,,proposed
CENTRALSERVICES,ENDPOINTGROUPASSOC,SLOTNUMBER,,,,,,proposed
CENTRALSERVICES,ENDPOINTMETERCONFIGURATION,ENDPOINTID,,,,,,proposed
CENTRALSERVICES,ENDPOINTMETERCONFIGURATION,METERCONFIGURATIONID,,,,,,proposed
CENTRALSERVICES,ENDPOINTMETERCONFIGURATION,METERPROGRAMFACTORID,,,,,,proposed
CENTRALSERVICES,ENDPOINTMETERCONFIGURATION,METERPROGRAMID,,,,,,proposed
CENTRALSERVICES,ENDPOINTMODELS,AMRPWDVLDTNRQRDFLG,,,,,,proposed
CENTRALSERVICES,ENDPOINTMODELS,BASEREADINGSTABLEID,,,,,,proposed
CENTRALSERVICES,ENDPOINTMODELS,BTTRYENABLEFLG,,,,,,proposed
CENTRALSERVICES,ENDPOINTMODELS,CANREADVOLTAGEFLG,,,,,,proposed
CENTRALSERVICES,ENDPOINTMODELS,CARRIERTECHNOLOGYTYPEID,,,,,,proposed
CENTRALSERVICES,ENDPOINTMODELS,DADEVICEFLG,,,,,,proposed
CENTRALSERVICES,ENDPOINTMODELS,DATAEXTRACTFAMILYID,,,,,,proposed
CENTRALSERVICES,ENDPOINTMODELS,DEFAULTFIRMWAREID,,,,,,proposed
CENTRALSERVICES,ENDPOINTMODELS,DEVICESCRTYCLASSID,,,,,,proposed
CENTRALSERVICES,ENDPOINTMODELS,EDPTDVCPRTCLID,,,,,,proposed
CENTRALSERVICES,ENDPOINTMODELS,ENABLEEVNTGAPDTCTNFLG,,,,,,proposed
CENTRALSERVICES,ENDPOINTMODELS,ENABLEROUTING,,,,,,proposed
CENTRALSERVICES,ENDPOINTMODELS,ENDPOINTMODELFAMILYID,,,,,,proposed
CENTRALSERVICES,ENDPOINTMODELS,ENDPOINTMODELID,,,,,,proposed
CENTRALSERVICES,ENDPOINTMODELS,ENDPOINTTYPEID,,,,,,proposed
CENTRALSERVICES,ENDPOINTMODELS,EXCLDEDPTFLG,,,,,,proposed
CENTRALSERVICES,ENDPOINTMODELS,FIRMWAREPLATFORMID,,,,,,proposed
CENTRALSERVICES,ENDPOINTMODELS,GAPCLTNATTRID,,,,,,proposed
CENTRALSERVICES,ENDPOINTMODELS,HANCPBLFLG,,,,,,proposed
CENTRALSERVICES,ENDPOINTMODELS,HASDIAGNOSTICSFLG,,,,,,proposed
CENTRALSERVICES,ENDPOINTMODELS,HIGHSPEEDCPBLFLG,,,,,,proposed
CENTRALSERVICES,ENDPOINTMODELS,INITKEYTYPE,,,,,,proposed
CENTRALSERVICES,ENDPOINTMODELS,ISANZDEVICEFLG,,,,,,proposed
CENTRALSERVICES,ENDPOINTMODELS,ISBIGENDIANFLG,,,,,,proposed
CENTRALSERVICES,ENDPOINTMODELS,ISCHECKFIRMWAREFORCOMDELAYFLG,,,,,,proposed
CENTRALSERVICES,ENDPOINTMODELS,ISGNDFLG,,,,,,proposed
CENTRALSERVICES,ENDPOINTMODELS,ISHANDMDCPBLFLG,,,,,,proposed
CENTRALSERVICES,ENDPOINTMODELS,ISMTRCFGCRCFLG,,,,,,proposed
CENTRALSERVICES,ENDPOINTMODELS,ISMTRFWDNLDFLG,,,,,,proposed
CENTRALSERVICES,ENDPOINTMODELS,ISPASSTHRUFLG,,,,,,proposed
CENTRALSERVICES,ENDPOINTMODELS,ISUTCSETFLG,,,,,,proposed
CENTRALSERVICES,ENDPOINTMODELS,KEYDRVTNALGRTHMTYPE,,,,,,proposed
CENTRALSERVICES,ENDPOINTMODELS,MINHANINITFWVERSION,,,,,,proposed
CENTRALSERVICES,ENDPOINTMODELS,MINHANINITZIGBEEFWVERSION,,,,,,proposed
CENTRALSERVICES,ENDPOINTMODELS,MINORHARDWAREVERSION,,,,,,proposed
CENTRALSERVICES,ENDPOINTMODELS,MULTIUTILITYCAPABLE,,,,,,proposed
CENTRALSERVICES,ENDPOINTMODELS,NAME,,,,,,proposed
CENTRALSERVICES,ENDPOINTMODELS,PREPAYCPBLFLG,,,,,,proposed
CENTRALSERVICES,ENDPOINTMODELS,REACTIVECPBLFLG,,,,,,proposed
CENTRALSERVICES,ENDPOINTMODELS,RESOURCEKEY,,,,,,proposed
CENTRALSERVICES,ENDPOINTMODELS,RFPOWERFORMATNUM,,,,,,proposed
CENTRALSERVICES,ENDPOINTMODELS,RSSCAPABLE,,,,,,proposed
CENTRALSERVICES,ENDPOINTMODELS,SERIALNUMBERGROUPID,,,,,,proposed
CENTRALSERVICES,ENDPOINTMODELS,SETYEARCAPABLE,,,,,,proposed
CENTRALSERVICES,ENDPOINTMODELS,SHOULDCALCLSVFLG,,,,,,proposed
CENTRALSERVICES,ENDPOINTMODELS,SOFTID,,,,,,proposed
CENTRALSERVICES,ENDPOINTMODELS,SUSOURCEID,,,,,,proposed
CENTRALSERVICES,ENDPOINTNOTES,CREATED,,,,,,proposed
CENTRALSERVICES,ENDPOINTNOTES,ENDPOINTID,,,,,,proposed
CENTRALSERVICES,ENDPOINTNOTES,ENDPOINTNOTEID,,,,,,proposed
CENTRALSERVICES,ENDPOINTNOTES,NOTE,,,,,,proposed
CENTRALSERVICES,ENDPOINTNOTES,NOTETYPE,,,,,,proposed
CENTRALSERVICES,ENDPOINTNOTES,USERID,,,,,,proposed
CENTRALSERVICES,ENDPOINTS,ARCHIVE,,,,,,proposed
CENTRALSERVICES,ENDPOINTS,ASYNCREADINGDATE,,,,,,proposed
CENTRALSERVICES,ENDPOINTS,ASYNCREQUESTPACKETDEFINITIONID,,,,,,proposed
CENTRALSERVICES,ENDPOINTS,CHANNEL,,,,,,proposed
CENTRALSERVICES,ENDPOINTS,CLTRASSCDTM,,,,,,proposed
CENTRALSERVICES,ENDPOINTS,COMMSTECHMODELNAME,,,,,,proposed
CENTRALSERVICES,ENDPOINTS,CONFIGURATIONENABLED,,,,,,proposed
CENTRALSERVICES,ENDPOINTS,CONFIGURATIONGROUPID,,,,,,proposed
CENTRALSERVICES,ENDPOINTS,DEMANDRESET,,,,,,proposed
CENTRALSERVICES,ENDPOINTS,DEMANDRESETBILLINGCYCLEID,,,,,,proposed
CENTRALSERVICES,ENDPOINTS,DEMANDRESETFAILURE,,,,,,proposed
CENTRALSERVICES,ENDPOINTS,DEMANDRESETGROUPID,,,,,,proposed
CENTRALSERVICES,ENDPOINTS,DEMANDRESETPENDING,,,,,,proposed
CENTRALSERVICES,ENDPOINTS,DETENT,,,,,,proposed
CENTRALSERVICES,ENDPOINTS,DEVICEMODELNAME,,,,,,proposed
CENTRALSERVICES,ENDPOINTS,ENDPOINTID,,,,,,proposed
CENTRALSERVICES,ENDPOINTS,ENDPOINTMODELHASH,,,,,,proposed
CENTRALSERVICES,ENDPOINTS,ENDPOINTMODELID,,,,,,proposed
CENTRALSERVICES,ENDPOINTS,ENDPOINTTYPEID,,,,,,proposed
CENTRALSERVICES,ENDPOINTS,FAILEDWORKFLOWTYPEID,,,,,,proposed
CENTRALSERVICES,ENDPOINTS,FINDPRIORITY,,,,,,proposed
CENTRALSERVICES,ENDPOINTS,FINDTARGET,,,,,,proposed
CENTRALSERVICES,ENDPOINTS,FIRMWAREID,,,,,,proposed
CENTRALSERVICES,ENDPOINTS,FIRMWAREVERSION,,,,,,proposed
CENTRALSERVICES,ENDPOINTS,FIRSTPROGRAMDATE,,,,,,proposed
CENTRALSERVICES,ENDPOINTS,FOUNDDATE,,,,,,proposed
CENTRALSERVICES,ENDPOINTS,FREQASSIGNSENDCOUNT,,,,,,proposed
CENTRALSERVICES,ENDPOINTS,GOODPACKETCOUNT,,,,,,proposed
CENTRALSERVICES,ENDPOINTS,HANENABLED,,,,,,proposed
CENTRALSERVICES,ENDPOINTS,HEALTHSTART,,,,,,proposed
CENTRALSERVICES,ENDPOINTS,HWMODELID,,,,,,proposed
CENTRALSERVICES,ENDPOINTS,INITIALKWH,,,,,,proposed
CENTRALSERVICES,ENDPOINTS,INPUTSELECT,,,,,,proposed
CENTRALSERVICES,ENDPOINTS,IPADDR,,,,,,proposed
CENTRALSERVICES,ENDPOINTS,IPADDRV6,,,,,,proposed
CENTRALSERVICES,ENDPOINTS,ISAPPCAPABLE,,,,,,proposed
CENTRALSERVICES,ENDPOINTS,ISQURTNSTATE,,,,,,proposed
CENTRALSERVICES,ENDPOINTS,KH,,,,,,proposed
CENTRALSERVICES,ENDPOINTS,LASTBILLABLEREAD,,,,,,proposed
CENTRALSERVICES,ENDPOINTS,LASTCFGCHANGEUTCDTM,,,,,,proposed
CENTRALSERVICES,ENDPOINTS,LASTCONFIRMEDCNFGGROUPID,,,,,,proposed
CENTRALSERVICES,ENDPOINTS,LASTEVENTTYPEID,,,,,,proposed
CENTRALSERVICES,ENDPOINTS,LASTGOODPACKET,,,,,,proposed
CENTRALSERVICES,ENDPOINTS,LASTPACKETRECEIVED,,,,,,proposed
CENTRALSERVICES,ENDPOINTS,LASTPROGRAMDATE,,,,,,proposed
CENTRALSERVICES,ENDPOINTS,LASTRESETDAY,,,,,,proposed
CENTRALSERVICES,ENDPOINTS,LASTSTATUSCHANGED,,,,,,proposed
CENTRALSERVICES,ENDPOINTS,LOWSIGNALSTART,,,,,,proposed
CENTRALSERVICES,ENDPOINTS,METERGROUPCRC,,,,,,proposed
CENTRALSERVICES,ENDPOINTS,METERID,,,,,,proposed
CENTRALSERVICES,ENDPOINTS,MODELNAMEKEY,,,,,,proposed
CENTRALSERVICES,ENDPOINTS,NEEDRECONFIGURATION,,,,,,proposed
CENTRALSERVICES,ENDPOINTS,NEEDSINITIALASYNCREQUEST,,,,,,proposed
CENTRALSERVICES,ENDPOINTS,NEEDSINITIALREADASYNCREQUEST,,,,,,proposed
CENTRALSERVICES,ENDPOINTS,NEEDSTOU12INITIALASYNCREQUEST,,,,,,proposed
CENTRALSERVICES,ENDPOINTS,NEEDSTOU34INITIALASYNCREQUEST,,,,,,proposed
CENTRALSERVICES,ENDPOINTS,NEEDSZMETARIFFINITIALASYNCREQ,,,,,,proposed
CENTRALSERVICES,ENDPOINTS,NETMETERINGENABLED,,,,,,proposed
CENTRALSERVICES,ENDPOINTS,NOTES,,,,,,proposed
CENTRALSERVICES,ENDPOINTS,NOTLOGGINGEXCLUSIONDATE,,,,,,proposed
CENTRALSERVICES,ENDPOINTS,NUMDIGITS,,,,,,proposed
CENTRALSERVICES,ENDPOINTS,NUMDIGITSCHNLTWO,,,,,,proposed
CENTRALSERVICES,ENDPOINTS,ORGANIZATIONID,,,,,,proposed
CENTRALSERVICES,ENDPOINTS,PDUMODELNAME,,,,,,proposed
CENTRALSERVICES,ENDPOINTS,PREVSPUID,,,,,,proposed
CENTRALSERVICES,ENDPOINTS,RECONFIGCOMMANDSSENTDATE,,,,,,proposed
CENTRALSERVICES,ENDPOINTS,RECONFIGDATE,,,,,,proposed
CENTRALSERVICES,ENDPOINTS,RECONFIGMASK,,,,,,proposed
CENTRALSERVICES,ENDPOINTS,RECONFIGRETRIES,,,,,,proposed
CENTRALSERVICES,ENDPOINTS,RECONFIGTYPEID,,,,,,proposed
CENTRALSERVICES,ENDPOINTS,ROLLINGKWENABLED,,,,,,proposed
CENTRALSERVICES,ENDPOINTS,SCHDDRCMDSNDDTM,,,,,,proposed
CENTRALSERVICES,ENDPOINTS,SCHDDROPTYPE,,,,,,proposed
CENTRALSERVICES,ENDPOINTS,SCHDDRRTRYCNT,,,,,,proposed
CENTRALSERVICES,ENDPOINTS,SCHDDRSTATE,,,,,,proposed
CENTRALSERVICES,ENDPOINTS,SECCONFIGRETRIES,,,,,,proposed
CENTRALSERVICES,ENDPOINTS,SECCONFIGURATIONENABLED,,,,,,proposed
CENTRALSERVICES,ENDPOINTS,SECNEEDCONFIGURATION,,,,,,proposed
CENTRALSERVICES,ENDPOINTS,SECRECONFIGCOMMANDSSENTDATE,,,,,,proposed
CENTRALSERVICES,ENDPOINTS,SECURITYCNFGRETRYQT,,,,,,proposed
CENTRALSERVICES,ENDPOINTS,SECURITYSTATUSCODEID,,,,,,proposed
CENTRALSERVICES,ENDPOINTS,SENDINTERVALDATA,,,,,,proposed
CENTRALSERVICES,ENDPOINTS,SENDPEAKSETTINGS,,,,,,proposed
CENTRALSERVICES,ENDPOINTS,SENDSETCALENDAR,,,,,,proposed
CENTRALSERVICES,ENDPOINTS,SENDSETGROUPS,,,,,,proposed
CENTRALSERVICES,ENDPOINTS,SENDSETINTERVALCONFIG,,,,,,proposed
CENTRALSERVICES,ENDPOINTS,SENDSETLCOTIMES,,,,,,proposed
CENTRALSERVICES,ENDPOINTS,SENDSETSDOCONFIG,,,,,,proposed
CENTRALSERVICES,ENDPOINTS,SENDSETSEQUENCEBP,,,,,,proposed
CENTRALSERVICES,ENDPOINTS,SENDSETSEQUENCEHAN,,,,,,proposed
CENTRALSERVICES,ENDPOINTS,SENDSWITCHCONFIGCMD,,,,,,proposed
CENTRALSERVICES,ENDPOINTS,SERIALNUMBER,,,,,,proposed
CENTRALSERVICES,ENDPOINTS,SERIALNUMBERGROUPID,,,,,,proposed
CENTRALSERVICES,ENDPOINTS,SERIALNUMBERINVALID,,,,,,proposed
CENTRALSERVICES,ENDPOINTS,SETMUSERIALNUMBERS,,,,,,proposed
CENTRALSERVICES,ENDPOINTS,SKIPFINDDETECTION,,,,,,proposed
CENTRALSERVICES,ENDPOINTS,SPUID,,,,,,proposed
CENTRALSERVICES,ENDPOINTS,STATUSCODEID,,,,,,proposed
CENTRALSERVICES,ENDPOINTS,SUSPECTOUTAGEDATE,,,,,,proposed
CENTRALSERVICES,ENDPOINTS,TENANTID,,,,,,proposed
CENTRALSERVICES,ENDPOINTS,TOUMODECONFIRMATIONPENDING,,,,,,proposed
CENTRALSERVICES,ENDPOINTS,USAGEVIOLATIONDATE,,,,,,proposed
CENTRALSERVICES,ENDPOINTS,UTILITYSERIALNUMBER,,,,,,proposed
CENTRALSERVICES,ENDPOINTS,ZEROUSAGEDATE,,,,,,proposed
CENTRALSERVICES,ENDPOINTS,ZIGBEEFIRMWAREVERSION,,,,,,proposed
CENTRALSERVICES,ENDPOINTSTATUSCODEHISTORY,EFFECTIVEDATE,,,,,,proposed
CENTRALSERVICES,ENDPOINTSTATUSCODEHISTORY,ENDPOINTID,,,,,,proposed
CENTRALSERVICES,ENDPOINTSTATUSCODEHISTORY,LASTMODIFIEDDATE,,,,,,proposed
CENTRALSERVICES,ENDPOINTSTATUSCODEHISTORY,STATUSCODEID,,,,,,proposed
CENTRALSERVICES,ERRORLOG,DESCRIPTION,,,,,,proposed
CENTRALSERVICES,ERRORLOG,ENDPOINTID,,,,,,proposed
CENTRALSERVICES,ERRORLOG,ERRORLOGID,,,,,,proposed
CENTRALSERVICES,ERRORLOG,ERRORRESOLVED,,,,,,proposed
CENTRALSERVICES,ERRORLOG,ERRORTYPEID,,,,,,proposed
CENTRALSERVICES,ERRORLOG,LOGTIME,,,,,,proposed
CENTRALSERVICES,ERRORLOG,MESSAGE,,,,,,proposed
CENTRALSERVICES,ERRORLOG,ORGANIZATIONID,,,,,,proposed
CENTRALSERVICES,ERRORLOG,SOURCE,,,,,,proposed
CENTRALSERVICES,ERRORLOG,SPUID,,,,,,proposed
CENTRALSERVICES,ERRORLOG,STACKTRACE,,,,,,proposed
CENTRALSERVICES,ERRORLOG,TARGET,,,,,,proposed
CENTRALSERVICES,ERRORLOG,USERID,,,,,,proposed
CENTRALSERVICES,ERRORTYPES,ERRORCATEGORYID,,,,,,proposed
CENTRALSERVICES,ERRORTYPES,ERRORTYPEID,,,,,,proposed
CENTRALSERVICES,ERRORTYPES,NAME,,,,,,proposed
CENTRALSERVICES,ERRORTYPES,NOTES,,,,,,proposed
CENTRALSERVICES,ERRORTYPES,OBJECTTYPEID,,,,,,proposed
CENTRALSERVICES,ERRORTYPES,SEVERITY,,,,,,proposed
CENTRALSERVICES,EVENTLOG,COMMANDID,,,,,,proposed
CENTRALSERVICES,EVENTLOG,ENDPOINTID,,,,,,proposed
CENTRALSERVICES,EVENTLOG,EVENTDATE,,,,,,proposed
CENTRALSERVICES,EVENTLOG,EVENTLOGID,,,,,,proposed
CENTRALSERVICES,EVENTLOG,EVENTTEXT,,,,,,proposed
CENTRALSERVICES,EVENTLOG,EVENTTYPEID,,,,,,proposed
CENTRALSERVICES,EVENTLOG,LOGTIME,,,,,,proposed
CENTRALSERVICES,EVENTLOG,MESSAGE,,,,,,proposed
CENTRALSERVICES,EVENTLOG,METERBATCHID,,,,,,proposed
CENTRALSERVICES,EVENTLOG,METERID,,,,,,proposed
CENTRALSERVICES,EVENTLOG,OEVENTDATE,,,,,,proposed
CENTRALSERVICES,EVENTLOG,ORGANIZATIONID,,,,,,proposed
CENTRALSERVICES,EVENTLOG,PACKETTYPEID,,,,,,proposed
CENTRALSERVICES,EVENTLOG,PROGRAMNAME,,,,,,proposed
CENTRALSERVICES,EVENTLOG,RFALARMPRIORITYID,,,,,,proposed
CENTRALSERVICES,EVENTLOG,SPUID,,,,,,proposed
CENTRALSERVICES,EVENTLOG,SQNCENUM,,,,,,proposed
CENTRALSERVICES,EVENTLOG,USERNAME,,,,,,proposed
CENTRALSERVICES,EVENTTYPES,EVENTCATGRYID,,,,,,proposed
CENTRALSERVICES,EVENTTYPES,EVENTSRCID,,,,,,proposed
CENTRALSERVICES,EVENTTYPES,EVENTTYPEID,,,,,,proposed
CENTRALSERVICES,EVENTTYPES,FUNCLCATGRYID,,,,,,proposed
CENTRALSERVICES,EVENTTYPES,INPHASEVOLTREPORT,,,,,,proposed
CENTRALSERVICES,EVENTTYPES,NAME,,,,,,proposed
CENTRALSERVICES,EVENTTYPES,NOTES,,,,,,proposed
CENTRALSERVICES,EVENTTYPES,SCRTYNTFCTNCD,,,,,,proposed
CENTRALSERVICES,GPSLOCATIONS,ALTITUDE,,,,,,proposed
CENTRALSERVICES,GPSLOCATIONS,ENDPOINTID,,,,,,proposed
CENTRALSERVICES,GPSLOCATIONS,GPSLOCATIONID,,,,,,proposed
CENTRALSERVICES,GPSLOCATIONS,LATITUDE,,,,,,proposed
CENTRALSERVICES,GPSLOCATIONS,LONGITUDE,,,,,,proposed
CENTRALSERVICES,GPSLOCATIONS,UTCTIMECAPTURED,,,,,,proposed
CENTRALSERVICES,GROUPS,ACTIVE,,,,,,proposed
CENTRALSERVICES,GROUPS,ENDDATE,,,,,,proposed
CENTRALSERVICES,GROUPS,ENDPOINTGROUPID,,,,,,proposed
CENTRALSERVICES,GROUPS,ENDPOINTMODELID,,,,,,proposed
CENTRALSERVICES,GROUPS,FIRMWAREPLATFORMID,,,,,,proposed
CENTRALSERVICES,GROUPS,GROUPID,,,,,,proposed
CENTRALSERVICES,GROUPS,GROUPTYPEID,,,,,,proposed
CENTRALSERVICES,GROUPS,LNKDGRPID,,,,,,proposed
CENTRALSERVICES,GROUPS,NAME,,,,,,proposed
CENTRALSERVICES,GROUPS,NOTES,,,,,,proposed
CENTRALSERVICES,GROUPS,ORGANIZATIONID,,,,,,proposed
CENTRALSERVICES,GROUPS,RESXKEYNM,,,,,,proposed
CENTRALSERVICES,GROUPS,STARTDATE,,,,,,proposed
CENTRALSERVICES,GROUPS,SYSTEM,,,,,,proposed
CENTRALSERVICES,GROUPS,TENANTID,,,,,,proposed
CENTRALSERVICES,GROUPTYPES,BITFLAG,,,,,,proposed
CENTRALSERVICES,GROUPTYPES,ENDPOINTGROUPTYPE,,,,,,proposed
CENTRALSERVICES,GROUPTYPES,GROUPTYPEID,,,,,,proposed
CENTRALSERVICES,GROUPTYPES,NAME,,,,,,proposed
CENTRALSERVICES,GROUPTYPES,NOTES,,,,,,proposed
CENTRALSERVICES,GROUPTYPES,OBJECTTYPEID,,,,,,proposed
CENTRALSERVICES,GROUPTYPES,SYSTEMGROUP,,,,,,proposed
CENTRALSERVICES,GROUPTYPES,VIRTUAL,,,,,,proposed
CENTRALSERVICES,IDREADINGLATESTVALUES,DATADEFINITIONID,,,,,,proposed
CENTRALSERVICES,IDREADINGLATESTVALUES,ENDPOINTID,,,,,,proposed
CENTRALSERVICES,IDREADINGLATESTVALUES,LATESTDAILYVALUEDATE,,,,,,proposed
CENTRALSERVICES,IDREADINGLATESTVALUES,LATESTDAILYVALUEDEC,,,,,,proposed
CENTRALSERVICES,IDREADINGLATESTVALUES,LATESTSELFREADDATE,,,,,,proposed
CENTRALSERVICES,IDREADINGLATESTVALUES,LATESTVALUEDATE,,,,,,proposed
CENTRALSERVICES,IDREADINGLATESTVALUES,LATESTVALUEDEC,,,,,,proposed
CENTRALSERVICES,IDREADINGLOGS,BILLABLE,,,,,,proposed
CENTRALSERVICES,IDREADINGLOGS,COLLECTORID,,,,,,proposed
CENTRALSERVICES,IDREADINGLOGS,DATADEFINITIONID,,,,,,proposed
CENTRALSERVICES,IDREADINGLOGS,ENDPOINTID,,,,,,proposed
CENTRALSERVICES,IDREADINGLOGS,LOGTIME,,,,,,proposed
CENTRALSERVICES,IDREADINGLOGS,METERBATCHID,,,,,,proposed
CENTRALSERVICES,IDREADINGLOGS,METERID,,,,,,proposed
CENTRALSERVICES,IDREADINGLOGS,OREADINGDATE,,,,,,proposed
CENTRALSERVICES,IDREADINGLOGS,OVALUEDATE,,,,,,proposed
CENTRALSERVICES,IDREADINGLOGS,PACKETTYPEID,,,,,,proposed
CENTRALSERVICES,IDREADINGLOGS,RAWVALUE,,,,,,proposed
CENTRALSERVICES,IDREADINGLOGS,READATTRIBUTES,,,,,,proposed
CENTRALSERVICES,IDREADINGLOGS,READINGDATE,,,,,,proposed
CENTRALSERVICES,IDREADINGLOGS,VALUEDATE,,,,,,proposed
CENTRALSERVICES,IDREADINGLOGS,VALUEDEC,,,,,,proposed
CENTRALSERVICES,IDREADINGLOGS,VALUESTRING,,,,,,proposed
CENTRALSERVICES,INTERVALDATA,COMMONINTERVALSTATUSFLAGID,,,,,,proposed
CENTRALSERVICES,INTERVALDATA,DATADEFINITIONID,,,,,,proposed
CENTRALSERVICES,INTERVALDATA,ENDPOINTID,,,,,,proposed
CENTRALSERVICES,INTERVALDATA,INTERVALATTRIBUTES,,,,,,proposed
CENTRALSERVICES,INTERVALDATA,INTERVALCHANNELNO,,,,,,proposed
CENTRALSERVICES,INTERVALDATA,INTERVALSTARTDATE,,,,,,proposed
CENTRALSERVICES,INTERVALDATA,INTERVALSTATUSID,,,,,,proposed
CENTRALSERVICES,INTERVALDATA,INTERVALTYPEID,,,,,,proposed
CENTRALSERVICES,INTERVALDATA,INTERVALVALUE,,,,,,proposed
CENTRALSERVICES,INTERVALDATA,LOGTIME,,,,,,proposed
CENTRALSERVICES,INTERVALDATA,METERBATCHID,,,,,,proposed
CENTRALSERVICES,INTERVALDATA,METERID,,,,,,proposed
CENTRALSERVICES,INTERVALDATA,OINTERVALSTARTDATE,,,,,,proposed
CENTRALSERVICES,INTERVALDATA,PACKETTYPEID,,,,,,proposed
CENTRALSERVICES,INTERVALDATA,RAWVALUE,,,,,,proposed
CENTRALSERVICES,INTERVALDATALATESTVALUES,ENDPOINTID,,,,,,proposed
CENTRALSERVICES,INTERVALDATALATESTVALUES,INTERVALCHANNELNO,,,,,,proposed
CENTRALSERVICES,INTERVALDATALATESTVALUES,INTERVALSTARTDATE,,,,,,proposed
CENTRALSERVICES,INTERVALDATALATESTVALUES,INTERVALTYPEID,,,,,,proposed
CENTRALSERVICES,INTERVALDATALATESTVALUES,INTERVALVALUE,,,,,,proposed
CENTRALSERVICES,INTERVALDATALATESTVALUES,LASTUPDATEUTCTIME,,,,,,proposed
CENTRALSERVICES,INTERVALDATALATESTVALUES,METERBATCHID,,,,,,proposed
CENTRALSERVICES,INTERVALDATALATESTVALUES,METERID,,,,,,proposed
CENTRALSERVICES,INTERVALDATALATESTVALUES,OINTERVALSTARTDATE,,,,,,proposed
CENTRALSERVICES,INTERVALTYPES,DESCRIPTION,,,,,,proposed
CENTRALSERVICES,INTERVALTYPES,INTERVALSECONDS,,,,,,proposed
CENTRALSERVICES,INTERVALTYPES,INTERVALTYPEID,,,,,,proposed
CENTRALSERVICES,INTERVALTYPES,ISFULLREGREADFLG,,,,,,proposed
CENTRALSERVICES,METERCONFIGURATION,BLOCKENDPULSEFLAG,,,,,,proposed
CENTRALSERVICES,METERCONFIGURATION,BLOCKENDREADFLAG,,,,,,proposed
CENTRALSERVICES,METERCONFIGURATION,DESCRIPTION,,,,,,proposed
CENTRALSERVICES,METERCONFIGURATION,ELMNTVOLTS,,,,,,proposed
CENTRALSERVICES,METERCONFIGURATION,EXTENDEDINTSTATUSFLAG,,,,,,proposed
CENTRALSERVICES,METERCONFIGURATION,INITCRCUTCDTM,,,,,,proposed
CENTRALSERVICES,METERCONFIGURATION,INTERVALFORMATID,,,,,,proposed
CENTRALSERVICES,METERCONFIGURATION,INTERVALLENGTH,,,,,,proposed
CENTRALSERVICES,METERCONFIGURATION,INTERVALORDERISDESCENDING,,,,,,proposed
CENTRALSERVICES,METERCONFIGURATION,ISFULLREGREADFLG,,,,,,proposed
CENTRALSERVICES,METERCONFIGURATION,ISSNAPSUPPORTED,,,,,,proposed
CENTRALSERVICES,METERCONFIGURATION,MAXAMPS,,,,,,proposed
CENTRALSERVICES,METERCONFIGURATION,METERCONFIGINTERVALDATACRC,,,,,,proposed
CENTRALSERVICES,METERCONFIGURATION,METERCONFIGURATIONID,,,,,,proposed
CENTRALSERVICES,METERCONFIGURATION,METERCONFIGURATIONTYPEID,,,,,,proposed
CENTRALSERVICES,METERCONFIGURATION,METERMODELID,,,,,,proposed
CENTRALSERVICES,METERCONFIGURATION,NAME,,,,,,proposed
CENTRALSERVICES,METERCONFIGURATION,NUMBEROFINTERVALBLOCKS,,,,,,proposed
CENTRALSERVICES,METERCONFIGURATION,NUMBEROFINTERVALSPERBLOCK,,,,,,proposed
CENTRALSERVICES,METERCONFIGURATION,NUMELMNTS,,,,,,proposed
CENTRALSERVICES,METERCONFIGURATION,PROGRAMDATA,,,,,,proposed
CENTRALSERVICES,METERCONFIGURATION,REPROCESSMAPPING,,,,,,proposed
CENTRALSERVICES,METERCONFIGURATION,SIMPLEINTSTATUSFLAG,,,,,,proposed
CENTRALSERVICES,METERS,ADCVERSION,,,,,,proposed
CENTRALSERVICES,METERS,ANSIIDNTYCD,,,,,,proposed
CENTRALSERVICES,METERS,APPENERGYCALC,,,,,,proposed
CENTRALSERVICES,METERS,ARCHIVE,,,,,,proposed
CENTRALSERVICES,METERS,BASE,,,,,,proposed
CENTRALSERVICES,METERS,BILLINGCYCLEID,,,,,,proposed
CENTRALSERVICES,METERS,CLASS,,,,,,proposed
CENTRALSERVICES,METERS,CONNECTIVITYCHANGEDDATE,,,,,,proposed
CENTRALSERVICES,METERS,CUSTOM1,,,,,,proposed
CENTRALSERVICES,METERS,CUSTOM2,,,,,,proposed
CENTRALSERVICES,METERS,CUSTOMERID,,,,,,proposed
CENTRALSERVICES,METERS,CUSTOMEROUTAGEDATE,,,,,,proposed
CENTRALSERVICES,METERS,DEMANDMULTIPLIER,,,,,,proposed
CENTRALSERVICES,METERS,DLMSSCRTYPWDID,,,,,,proposed
CENTRALSERVICES,METERS,DSPHWBOARDVERSION,,,,,,proposed
CENTRALSERVICES,METERS,FIRMWAREVERSION,,,,,,proposed
CENTRALSERVICES,METERS,FORM,,,,,,proposed
CENTRALSERVICES,METERS,GASMTRCNSTNTRT,,,,,,proposed
CENTRALSERVICES,METERS,IMS2CHIPVERSION,,,,,,proposed
CENTRALSERVICES,METERS,IMS2FIRMWAREVERSION,,,,,,proposed
CENTRALSERVICES,METERS,INTERFACEVERSION,,,,,,proposed
CENTRALSERVICES,METERS,LASTMETERPRGDTM,,,,,,proposed
CENTRALSERVICES,METERS,LINESECTIONID,,,,,,proposed
CENTRALSERVICES,METERS,LOCATIONUPDATEDDTM,,,,,,proposed
CENTRALSERVICES,METERS,MAPLOCATIONID,,,,,,proposed
CENTRALSERVICES,METERS,MCUVERSION,,,,,,proposed
CENTRALSERVICES,METERS,METERBATCHID,,,,,,proposed
CENTRALSERVICES,METERS,METEREXTENSIONATTRIBUTE1,,,,,,proposed
CENTRALSERVICES,METERS,METERID,,,,,,proposed
CENTRALSERVICES,METERS,METERNO,,,,,,proposed
CENTRALSERVICES,METERS,METERPGMCD,,,,,,proposed
CENTRALSERVICES,METERS,METERTYPEID,,,,,,proposed
CENTRALSERVICES,METERS,MSOBJECTID,,,,,,proposed
CENTRALSERVICES,METERS,MULTIPLIER,,,,,,proposed
CENTRALSERVICES,METERS,ORGANIZATIONID,,,,,,proposed
CENTRALSERVICES,METERS,PREVASSOCENDPOINTSRNO,,,,,,proposed
CENTRALSERVICES,METERS,SEALNUMBER,,,,,,proposed
CENTRALSERVICES,METERS,SEALNUMBER2,,,,,,proposed
CENTRALSERVICES,METERS,SERIALNUMBER,,,,,,proposed
CENTRALSERVICES,METERS,SERVICELOCATIONID,,,,,,proposed
CENTRALSERVICES,METERS,SUBSTATIONCODEID,,,,,,proposed
CENTRALSERVICES,METERS,UNITOFMEASURE,,,,,,proposed
CENTRALSERVICES,METERS,UPDATELOCATIONFLG,,,,,,proposed
CENTRALSERVICES,METERS,UPDATELOCATIONSENTCNT,,,,,,proposed
CENTRALSERVICES,PACKETTYPES,NAME,,,,,,proposed
CENTRALSERVICES,PACKETTYPES,PACKETTYPEID,,,,,,proposed
CENTRALSERVICES,PLANS,DEFAULTSTARTTIME,,,,,,proposed
CENTRALSERVICES,PLANS,DESCRIPTION,,,,,,proposed
CENTRALSERVICES,PLANS,DISTRIBUTIONID,,,,,,proposed
CENTRALSERVICES,PLANS,NAME,,,,,,proposed
CENTRALSERVICES,PLANS,ORGANIZATIONID,,,,,,proposed
CENTRALSERVICES,PLANS,PLANID,,,,,,proposed
CENTRALSERVICES,PLANS,PLANTYPEID,,,,,,proposed
CENTRALSERVICES,PLANS,SYSTEM,,,,,,proposed
CENTRALSERVICES,PLANS,TENANTID,,,,,,proposed
CENTRALSERVICES,PLANS,USERID,,,,,,proposed
CENTRALSERVICES,PLANSCHEDULES,ACTIVE,,,,,,proposed
CENTRALSERVICES,PLANSCHEDULES,CUSTOMRUNDATES,,,,,,proposed
CENTRALSERVICES,PLANSCHEDULES,ENDDATE,,,,,,proposed
CENTRALSERVICES,PLANSCHEDULES,LASTRUNDATE,,,,,,proposed
CENTRALSERVICES,PLANSCHEDULES,NEXTRUNDATE,,,,,,proposed
CENTRALSERVICES,PLANSCHEDULES,NEXTSTEP,,,,,,proposed
CENTRALSERVICES,PLANSCHEDULES,NEXTSTEPDATE,,,,,,proposed
CENTRALSERVICES,PLANSCHEDULES,OFFSETTIME,,,,,,proposed
CENTRALSERVICES,PLANSCHEDULES,PLANID,,,,,,proposed
CENTRALSERVICES,PLANSCHEDULES,PLANSCHEDULEID,,,,,,proposed
CENTRALSERVICES,PLANSCHEDULES,RECURRENCEFACTOR,,,,,,proposed
CENTRALSERVICES,PLANSCHEDULES,RECURRING,,,,,,proposed
CENTRALSERVICES,PLANSCHEDULES,RUNDATEADJUSTMENTMETHOD,,,,,,proposed
CENTRALSERVICES,PLANSCHEDULES,SCHEDULEINTERVAL,,,,,,proposed
CENTRALSERVICES,PLANSCHEDULES,SCHEDULETYPE,,,,,,proposed
CENTRALSERVICES,PLANSCHEDULES,STARTDATE,,,,,,proposed
CENTRALSERVICES,PLANSCHEDULES,TASKDATA,,,,,,proposed
CENTRALSERVICES,PLANTYPES,NAME,,,,,,proposed
CENTRALSERVICES,PLANTYPES,PLANTYPEID,,,,,,proposed
CENTRALSERVICES,READ_SCHEDULE,BILLING_CYCLE,,,,,,proposed
CENTRALSERVICES,READ_SCHEDULE,FIRST_INSTALL_AFTER,,,,,,proposed
CENTRALSERVICES,READ_SCHEDULE,LAST_INSTALL_BEFORE,,,,,,proposed
CENTRALSERVICES,READ_SCHEDULE,OLDEST_ALLOWABLE,,,,,,proposed
CENTRALSERVICES,READ_SCHEDULE,READ_DATE,,,,,,proposed
CENTRALSERVICES,READ_SCHEDULE,UPDATE_TIME,,,,,,proposed
CENTRALSERVICES,READ_SCHEDULE,UTILITY,,,,,,proposed
CENTRALSERVICES,RFENDPOINTPROPERTIES,ACCESSPOINTNAME,,,,,,proposed
CENTRALSERVICES,RFENDPOINTPROPERTIES,ACTIVEINMESH,,,,,,proposed
CENTRALSERVICES,RFENDPOINTPROPERTIES,ADDRESSINGMECHANISM,,,,,,proposed
CENTRALSERVICES,RFENDPOINTPROPERTIES,AUTOCONFIGURE,,,,,,proposed
CENTRALSERVICES,RFENDPOINTPROPERTIES,BESTNEIGHBORENDPOINTID,,,,,,proposed
CENTRALSERVICES,RFENDPOINTPROPERTIES,BOOTFIRMWAREVERSION,,,,,,proposed
CENTRALSERVICES,RFENDPOINTPROPERTIES,COMMISSIONINGCODE,,,,,,proposed
CENTRALSERVICES,RFENDPOINTPROPERTIES,CONFIGGROUPACTIVATIONDATE,,,,,,proposed
CENTRALSERVICES,RFENDPOINTPROPERTIES,CONFIRMEDTIMEZONECODE,,,,,,proposed
CENTRALSERVICES,RFENDPOINTPROPERTIES,CRTTRNSCTNNUM,,,,,,proposed
CENTRALSERVICES,RFENDPOINTPROPERTIES,DCWVERSION,,,,,,proposed
CENTRALSERVICES,RFENDPOINTPROPERTIES,DEVICEGENID,,,,,,proposed
CENTRALSERVICES,RFENDPOINTPROPERTIES,DEVICESCHEDULEID,,,,,,proposed
CENTRALSERVICES,RFENDPOINTPROPERTIES,DMDCALCULATION,,,,,,proposed
CENTRALSERVICES,RFENDPOINTPROPERTIES,DMDPEAKWINDOW,,,,,,proposed
CENTRALSERVICES,RFENDPOINTPROPERTIES,DMDRESETMODE,,,,,,proposed
CENTRALSERVICES,RFENDPOINTPROPERTIES,DMDRSTSEASONCHGFLG,,,,,,proposed
CENTRALSERVICES,RFENDPOINTPROPERTIES,DVCCAPATTRS,,,,,,proposed
CENTRALSERVICES,RFENDPOINTPROPERTIES,ED_MODEL,,,,,,proposed
CENTRALSERVICES,RFENDPOINTPROPERTIES,ENCRYPTCOMMUNICATION,,,,,,proposed
CENTRALSERVICES,RFENDPOINTPROPERTIES,ENDPOINTID,,,,,,proposed
CENTRALSERVICES,RFENDPOINTPROPERTIES,EVNTSQNCENUM,,,,,,proposed
CENTRALSERVICES,RFENDPOINTPROPERTIES,FIRMWAREACTIVATIONDATE,,,,,,proposed
CENTRALSERVICES,RFENDPOINTPROPERTIES,FMWDWNLDRQSTDATE,,,,,,proposed
CENTRALSERVICES,RFENDPOINTPROPERTIES,FMWDWNLDRQSTDWNLDPRCNT,,,,,,proposed
CENTRALSERVICES,RFENDPOINTPROPERTIES,FMWDWNLDRQSTTOKEN,,,,,,proposed
CENTRALSERVICES,RFENDPOINTPROPERTIES,GAPCLTNATTRID,,,,,,proposed
CENTRALSERVICES,RFENDPOINTPROPERTIES,HANINITZTNFLG,,,,,,proposed
CENTRALSERVICES,RFENDPOINTPROPERTIES,HASINITPOLLDATA,,,,,,proposed
CENTRALSERVICES,RFENDPOINTPROPERTIES,HEATSENSECONFIGURATIONID,,,,,,proposed
CENTRALSERVICES,RFENDPOINTPROPERTIES,HIGHPOWERMODE,,,,,,proposed
CENTRALSERVICES,RFENDPOINTPROPERTIES,HIGHSPEEDFLG,,,,,,proposed
CENTRALSERVICES,RFENDPOINTPROPERTIES,HWCAPABILITYPARAMS,,,,,,proposed
CENTRALSERVICES,RFENDPOINTPROPERTIES,HWVERSION,,,,,,proposed
CENTRALSERVICES,RFENDPOINTPROPERTIES,ISDISCOVERED,,,,,,proposed
CENTRALSERVICES,RFENDPOINTPROPERTIES,ISMODULECHANGEOUTINPROGRESS,,,,,,proposed
CENTRALSERVICES,RFENDPOINTPROPERTIES,LASTCERTOPUPDDTM,,,,,,proposed
CENTRALSERVICES,RFENDPOINTPROPERTIES,LASTEVNTRCVDDTM,,,,,,proposed
CENTRALSERVICES,RFENDPOINTPROPERTIES,LASTFIRMWAREID,,,,,,proposed
CENTRALSERVICES,RFENDPOINTPROPERTIES,LASTPATHCOLLECTORID,,,,,,proposed
CENTRALSERVICES,RFENDPOINTPROPERTIES,LASTRSSI,,,,,,proposed
CENTRALSERVICES,RFENDPOINTPROPERTIES,LASTSELFREADGAPDTM,,,,,,proposed
CENTRALSERVICES,RFENDPOINTPROPERTIES,LASTSUCCESSEVNTRSPNSEDTM,,,,,,proposed
CENTRALSERVICES,RFENDPOINTPROPERTIES,LATESTTICKLESUCCESS,,,,,,proposed
CENTRALSERVICES,RFENDPOINTPROPERTIES,LAYER,,,,,,proposed
CENTRALSERVICES,RFENDPOINTPROPERTIES,MAPPINGID,,,,,,proposed
CENTRALSERVICES,RFENDPOINTPROPERTIES,METERDISCOVERYPUSHSENTFLAG,,,,,,proposed
CENTRALSERVICES,RFENDPOINTPROPERTIES,METERMODEID,,,,,,proposed
CENTRALSERVICES,RFENDPOINTPROPERTIES,METERMODELID,,,,,,proposed
CENTRALSERVICES,RFENDPOINTPROPERTIES,METERPRGFMWRID,,,,,,proposed
CENTRALSERVICES,RFENDPOINTPROPERTIES,METERPROGRAMCHANGECOUNT,,,,,,proposed
CENTRALSERVICES,RFENDPOINTPROPERTIES,METERPROGRAMIDS,,,,,,proposed
CENTRALSERVICES,RFENDPOINTPROPERTIES,MODEMFIRMWAREVERSION,,,,,,proposed
CENTRALSERVICES,RFENDPOINTPROPERTIES,MTRPRGID,,,,,,proposed
CENTRALSERVICES,RFENDPOINTPROPERTIES,MTRPRGID2,,,,,,proposed
CENTRALSERVICES,RFENDPOINTPROPERTIES,MTRPRGVERSN,,,,,,proposed
CENTRALSERVICES,RFENDPOINTPROPERTIES,MTRPRGVERSN2,,,,,,proposed
CENTRALSERVICES,RFENDPOINTPROPERTIES,NETWORKENCRYPTIONKEYID,,,,,,proposed
CENTRALSERVICES,RFENDPOINTPROPERTIES,NETWORKID,,,,,,proposed
CENTRALSERVICES,RFENDPOINTPROPERTIES,NUMBEROFNEIGHBORS,,,,,,proposed
CENTRALSERVICES,RFENDPOINTPROPERTIES,OUTAGEINTERVAL,,,,,,proposed
CENTRALSERVICES,RFENDPOINTPROPERTIES,OWNERID,,,,,,proposed
CENTRALSERVICES,RFENDPOINTPROPERTIES,PATH,,,,,,proposed
CENTRALSERVICES,RFENDPOINTPROPERTIES,PCBAHARDWAREVERSION,,,,,,proposed
CENTRALSERVICES,RFENDPOINTPROPERTIES,PDUCRCNUM,,,,,,proposed
CENTRALSERVICES,RFENDPOINTPROPERTIES,PENDINGFWACTIVATIONDATE,,,,,,proposed
CENTRALSERVICES,RFENDPOINTPROPERTIES,PHYFWVERSION,,,,,,proposed
CENTRALSERVICES,RFENDPOINTPROPERTIES,POWERNO,,,,,,proposed
CENTRALSERVICES,RFENDPOINTPROPERTIES,PREPAYENABLEDFLG,,,,,,proposed
CENTRALSERVICES,RFENDPOINTPROPERTIES,PREPAYPROVFLG,,,,,,proposed
CENTRALSERVICES,RFENDPOINTPROPERTIES,PREPAYPRVDRID,,,,,,proposed
CENTRALSERVICES,RFENDPOINTPROPERTIES,PREPAYTYPE,,,,,,proposed
CENTRALSERVICES,RFENDPOINTPROPERTIES,PREVDMDRSTDTCRCNUM,,,,,,proposed
CENTRALSERVICES,RFENDPOINTPROPERTIES,PROVDTMUTC,,,,,,proposed
CENTRALSERVICES,RFENDPOINTPROPERTIES,REACTIVECAPABLEFLG,,,,,,proposed
CENTRALSERVICES,RFENDPOINTPROPERTIES,REACTIVEENABLEFLG,,,,,,proposed
CENTRALSERVICES,RFENDPOINTPROPERTIES,REACTIVEMODENUM,,,,,,proposed
CENTRALSERVICES,RFENDPOINTPROPERTIES,READINGEXTRACTGROUPID,,,,,,proposed
CENTRALSERVICES,RFENDPOINTPROPERTIES,RELAYPRESENTMASK,,,,,,proposed
CENTRALSERVICES,RFENDPOINTPROPERTIES,REQUIRESFULLLPREAD,,,,,,proposed
CENTRALSERVICES,RFENDPOINTPROPERTIES,REQUIRESFULLSELFREAD,,,,,,proposed
CENTRALSERVICES,RFENDPOINTPROPERTIES,REV7ACTIVATIONDATE,,,,,,proposed
CENTRALSERVICES,RFENDPOINTPROPERTIES,RFUFIRMWAREUPDATESTATUSID,,,,,,proposed
CENTRALSERVICES,RFENDPOINTPROPERTIES,RIGHTSIZINGMODE,,,,,,proposed
CENTRALSERVICES,RFENDPOINTPROPERTIES,ROUTEIOTACTIVATIONSTATUS,,,,,,proposed
CENTRALSERVICES,RFENDPOINTPROPERTIES,ROUTEIOTSTATUSCHANGEDATE,,,,,,proposed
CENTRALSERVICES,RFENDPOINTPROPERTIES,SECONDARYPROGRAMCRC,,,,,,proposed
CENTRALSERVICES,RFENDPOINTPROPERTIES,SELFREADDMDRSTSPRTFLG,,,,,,proposed
CENTRALSERVICES,RFENDPOINTPROPERTIES,SELFREADONDMDRESET,,,,,,proposed
CENTRALSERVICES,RFENDPOINTPROPERTIES,STAGINGCERTID,,,,,,proposed
CENTRALSERVICES,RFENDPOINTPROPERTIES,STAGINGFIRMWAREID,,,,,,proposed
CENTRALSERVICES,RFENDPOINTPROPERTIES,STATICCRCDATA,,,,,,proposed
CENTRALSERVICES,RFENDPOINTPROPERTIES,TARGETMARKET,,,,,,proposed
CENTRALSERVICES,RFENDPOINTPROPERTIES,TOUACTIVATIONDATE,,,,,,proposed
CENTRALSERVICES,RFENDPOINTPROPERTIES,TOUMAPID,,,,,,proposed
CENTRALSERVICES,RFENDPOINTPROPERTIES,WANADDRESS,,,,,,proposed
CENTRALSERVICES,RFENDPOINTPROPERTIES,WANREADY,,,,,,proposed
CENTRALSERVICES,RFENDPOINTPROPERTIES,WANSENTDATE,,,,,,proposed
CENTRALSERVICES,RFENDPOINTPROPERTIES,WANSET,,,,,,proposed
CENTRALSERVICES,RFENDPOINTPROPERTIES,WIFICONNECTIONSTATUSID,,,,,,proposed
CENTRALSERVICES,RFENDPOINTPROPERTIES,WIFISTATUSUPDATEDUTCDTM,,,,,,proposed
CENTRALSERVICES,RSSDEVICES,ARMED,,,,,,proposed
CENTRALSERVICES,RSSDEVICES,ARMOPTIONS,,,,,,proposed
CENTRALSERVICES,RSSDEVICES,COMMANDLOGID,,,,,,proposed
CENTRALSERVICES,RSSDEVICES,CTENABLED,,,,,,proposed
CENTRALSERVICES,RSSDEVICES,ENDPOINTID,,,,,,proposed
CENTRALSERVICES,RSSDEVICES,LASTSTATUSCHANGED,,,,,,proposed
CENTRALSERVICES,RSSDEVICES,PENDINGCOMMAND,,,,,,proposed
CENTRALSERVICES,RSSDEVICES,RSSDEVICEID,,,,,,proposed
CENTRALSERVICES,RSSDEVICES,STATUSCODEID,,,,,,proposed
CENTRALSERVICES,RSSDEVICES,TRANSMITAFTERDISCONNECT,,,,,,proposed
CENTRALSERVICES,RSSDEVICES,VTENABLED,,,,,,proposed
CENTRALSERVICES,SERVICELOCATIONS,ADDRESSID,,,,,,proposed
CENTRALSERVICES,SERVICELOCATIONS,BILLINGCYCLENAME,,,,,,proposed
CENTRALSERVICES,SERVICELOCATIONS,CUSTOMERID,,,,,,proposed
CENTRALSERVICES,SERVICELOCATIONS,DESCRIPTION,,,,,,proposed
CENTRALSERVICES,SERVICELOCATIONS,EALOCATION,,,,,,proposed
CENTRALSERVICES,SERVICELOCATIONS,FEEDER,,,,,,proposed
CENTRALSERVICES,SERVICELOCATIONS,GPSLOCATIONID,,,,,,proposed
CENTRALSERVICES,SERVICELOCATIONS,GRIDLOCATION,,,,,,proposed
CENTRALSERVICES,SERVICELOCATIONS,LOCATIONID,,,,,,proposed
CENTRALSERVICES,SERVICELOCATIONS,METERPOSITION,,,,,,proposed
CENTRALSERVICES,SERVICELOCATIONS,POLENO,,,,,,proposed
CENTRALSERVICES,SERVICELOCATIONS,PREMISEID,,,,,,proposed
CENTRALSERVICES,SERVICELOCATIONS,REVENUECLASS,,,,,,proposed
CENTRALSERVICES,SERVICELOCATIONS,SERVICELOCATIONID,,,,,,proposed
CENTRALSERVICES,SERVICELOCATIONS,SERVLOC,,,,,,proposed
CENTRALSERVICES,SERVICELOCATIONS,TIMEZONECODE,,,,,,proposed
CENTRALSERVICES,STATUSCODES,DISPLAYCODE,,,,,,proposed
CENTRALSERVICES,STATUSCODES,MSODDEVICESTATUS,,,,,,proposed
CENTRALSERVICES,STATUSCODES,NAME,,,,,,proposed
CENTRALSERVICES,STATUSCODES,NOTES,,,,,,proposed
CENTRALSERVICES,STATUSCODES,OBJECTTYPEID,,,,,,proposed
CENTRALSERVICES,STATUSCODES,PARENTSTATE,,,,,,proposed
CENTRALSERVICES,STATUSCODES,PRIORITY,,,,,,proposed
CENTRALSERVICES,STATUSCODES,STATUSCODEID,,,,,,proposed
CENTRALSERVICES,USERROLE,ROLEID,,,,,,proposed
CENTRALSERVICES,USERROLE,USERID,,,,,,proposed
CENTRALSERVICES,USERS,ARCHIVE,,,,,,proposed
CENTRALSERVICES,USERS,CHANGEPWDNEXTLOGINFLG,,,,,,proposed
CENTRALSERVICES,USERS,EMAIL,,,,,,proposed
CENTRALSERVICES,USERS,FIRSTNAME,,,,,,proposed
CENTRALSERVICES,USERS,ISTENANTOWNERFLG,,,,,,proposed
CENTRALSERVICES,USERS,LASTLOGINDATE,,,,,,proposed
CENTRALSERVICES,USERS,LASTNAME,,,,,,proposed
CENTRALSERVICES,USERS,LASTPWDCHANGE,,,,,,proposed
CENTRALSERVICES,USERS,LOCKOUT,,,,,,proposed
CENTRALSERVICES,USERS,LOGINATTEMPTS,,,,,,proposed
CENTRALSERVICES,USERS,LOGINUSER,,,,,,proposed
CENTRALSERVICES,USERS,MOBILEADMINPASSWORD,,,,,,proposed
CENTRALSERVICES,USERS,MUTUALAUTHNCTNFLG,,,,,,proposed
CENTRALSERVICES,USERS,NOTES,,,,,,proposed
CENTRALSERVICES,USERS,NTFCTNADDRESSRAW,,,,,,proposed
CENTRALSERVICES,USERS,NTFCTNADDRTXT,,,,,,proposed
CENTRALSERVICES,USERS,NTFCTNPASSWORDRAW,,,,,,proposed
CENTRALSERVICES,USERS,NTFCTNPWDTXT,,,,,,proposed
CENTRALSERVICES,USERS,NTFCTNUSERNAMERAW,,,,,,proposed
CENTRALSERVICES,USERS,NTFCTNUSERNM,,,,,,proposed
CENTRALSERVICES,USERS,ORGANIZATIONID,,,,,,proposed
CENTRALSERVICES,USERS,PAGER,,,,,,proposed
CENTRALSERVICES,USERS,PASSWORD,,,,,,proposed
CENTRALSERVICES,USERS,PHONE,,,,,,proposed
CENTRALSERVICES,USERS,PWDNEVEREXPIREFLG,,,,,,proposed
CENTRALSERVICES,USERS,SBSCRBRFORMATCD,,,,,,proposed
CENTRALSERVICES,USERS,SBSCRBRRVSNCD,,,,,,proposed
CENTRALSERVICES,USERS,SHOWHIDDENSCREENSDISABLED,,,,,,proposed
CENTRALSERVICES,USERS,SPECIALLOGIN,,,,,,proposed
CENTRALSERVICES,USERS,SYSTEMUSER,,,,,,proposed
CENTRALSERVICES,USERS,USERDATACD,,,,,,proposed
CENTRALSERVICES,USERS,USERID,,,,,,proposed
